[
  {
    "id": "60562418-9b36-452e-8f0c-8c426574fc0c",
    "data": [
      {
        "text": "select ",
        "userDefined": false
      },
      {
        "text": "current",
        "alias": "accounttype",
        "meta": "@accounttype",
        "userDefined": true
      }
    ],
    "isTemplate": false,
    "count": 0,
    "updated": 0
  },
  {
    "id": "5d7a08cb-7faa-4bf4-8847-314c2a98fe87",
    "data": [
      {
        "text": "select ",
        "userDefined": false
      },
      {
        "text": "savings",
        "alias": "accounttype",
        "meta": "@accounttype",
        "userDefined": true
      }
    ],
    "isTemplate": false,
    "count": 0,
    "updated": 0
  },
  {
    "id": "d35f13fc-fe80-46c3-8c65-5c66623b4f4b",
    "data": [
      {
        "text": "I",
        "meta": "@sys.ignore",
        "userDefined": true
      },
      {
        "text": " choose ",
        "userDefined": false
      },
      {
        "text": "current",
        "alias": "accounttype",
        "meta": "@accounttype",
        "userDefined": true
      },
      {
        "text": " account",
        "userDefined": false
      }
    ],
    "isTemplate": false,
    "count": 0,
    "updated": 0
  },
  {
    "id": "b9b216a1-76c3-4cf4-bb4a-0e5835bb765d",
    "data": [
      {
        "text": "current",
        "alias": "accounttype",
        "meta": "@accounttype",
        "userDefined": true
      }
    ],
    "isTemplate": false,
    "count": 0,
    "updated": 0
  },
  {
    "id": "46fd19d6-5543-46f2-ac48-84044d921d30",
    "data": [
      {
        "text": "savings",
        "alias": "accounttype",
        "meta": "@accounttype",
        "userDefined": true
      }
    ],
    "isTemplate": false,
    "count": 0,
    "updated": 0
  },
  {
    "id": "f149f11d-eabe-4a20-a344-b03b5077ae48",
    "data": [
      {
        "text": "I choose ",
        "userDefined": false
      },
      {
        "text": "savings",
        "alias": "accounttype",
        "meta": "@accounttype",
        "userDefined": true
      },
      {
        "text": " account",
        "userDefined": false
      }
    ],
    "isTemplate": false,
    "count": 0,
    "updated": 0
  }
]