[
  {
    "id": "1e329ca8-1bee-41bf-99a1-3753eda040a1",
    "data": [
      {
        "text": "log me out",
        "userDefined": false
      }
    ],
    "isTemplate": false,
    "count": 0,
    "updated": 0
  },
  {
    "id": "4f04926d-2b8d-4c9e-9adf-6828b4aa5e6c",
    "data": [
      {
        "text": "log out",
        "userDefined": false
      }
    ],
    "isTemplate": false,
    "count": 1,
    "updated": 0
  },
  {
    "id": "40db1819-323f-4ab6-9068-c3aaaaaf9a1a",
    "data": [
      {
        "text": "I want to exit now",
        "userDefined": false
      }
    ],
    "isTemplate": false,
    "count": 0,
    "updated": 0
  },
  {
    "id": "5a10b374-6412-4ff7-ac4b-37ea6c8ee2f5",
    "data": [
      {
        "text": "I want to leave",
        "userDefined": false
      }
    ],
    "isTemplate": false,
    "count": 0,
    "updated": 0
  },
  {
    "id": "53b208da-f8c6-4b4b-8f9e-cb96a86efb2c",
    "data": [
      {
        "text": "I want to end",
        "userDefined": false
      }
    ],
    "isTemplate": false,
    "count": 0,
    "updated": 0
  },
  {
    "id": "ecc0061e-843a-4faf-a709-d7749c328ea1",
    "data": [
      {
        "text": "I want to exit",
        "userDefined": false
      }
    ],
    "isTemplate": false,
    "count": 0,
    "updated": 0
  },
  {
    "id": "a427080c-10cc-413e-af39-d1880db0ebaa",
    "data": [
      {
        "text": "I want to end process",
        "userDefined": false
      }
    ],
    "isTemplate": false,
    "count": 0,
    "updated": 0
  },
  {
    "id": "294ba3e4-88dd-4760-90d0-4aadd3ea149c",
    "data": [
      {
        "text": "exit process",
        "userDefined": false
      }
    ],
    "isTemplate": false,
    "count": 0,
    "updated": 0
  },
  {
    "id": "a5c5f2c6-d40d-4d4a-b618-aaabba323a87",
    "data": [
      {
        "text": "end process",
        "userDefined": false
      }
    ],
    "isTemplate": false,
    "count": 0,
    "updated": 0
  }
]