[
  {
    "id": "5471a91f-32a5-49cc-baa3-c5dd27de7cf8",
    "data": [
      {
        "text": "my account details",
        "userDefined": false
      }
    ],
    "isTemplate": false,
    "count": 0,
    "updated": 0
  },
  {
    "id": "8f29f4b3-d54f-478e-8278-f54a244aec00",
    "data": [
      {
        "text": "account details",
        "userDefined": false
      }
    ],
    "isTemplate": false,
    "count": 0,
    "updated": 0
  },
  {
    "id": "f6a29fc7-70ba-4266-802d-0ee7db5364b4",
    "data": [
      {
        "text": "get me account details",
        "userDefined": false
      }
    ],
    "isTemplate": false,
    "count": 0,
    "updated": 0
  },
  {
    "id": "ed5509d0-7402-48ed-abc1-2c5443bbd3c1",
    "data": [
      {
        "text": "check account details",
        "userDefined": false
      }
    ],
    "isTemplate": false,
    "count": 0,
    "updated": 0
  },
  {
    "id": "bd2d621c-2c92-4088-ac86-20c9787103e5",
    "data": [
      {
        "text": "I want to check account details",
        "userDefined": false
      }
    ],
    "isTemplate": false,
    "count": 0,
    "updated": 0
  },
  {
    "id": "58aa8280-17cd-441c-a5a7-a1e5b244ba40",
    "data": [
      {
        "text": "get account details",
        "userDefined": false
      }
    ],
    "isTemplate": false,
    "count": 0,
    "updated": 0
  },
  {
    "id": "a944de4d-cfa3-4802-8e61-ae0f123c04ae",
    "data": [
      {
        "text": "show account details",
        "userDefined": false
      }
    ],
    "isTemplate": false,
    "count": 0,
    "updated": 0
  }
]