[
  {
    "id": "258fe6d2-ef1c-4e74-87b9-412fc5390bb2",
    "data": [
      {
        "text": "begin ATM Assistance",
        "userDefined": false
      }
    ],
    "isTemplate": false,
    "count": 0,
    "updated": 0
  },
  {
    "id": "cd4a9710-6120-49bb-8599-5a9860f0a491",
    "data": [
      {
        "text": "start ATM Assistance",
        "userDefined": false
      }
    ],
    "isTemplate": false,
    "count": 0,
    "updated": 0
  },
  {
    "id": "6cfe0c6b-d3e2-4185-8f90-5e30351e0b7c",
    "data": [
      {
        "text": "get ATM Assistance",
        "userDefined": false
      }
    ],
    "isTemplate": false,
    "count": 0,
    "updated": 0
  },
  {
    "id": "931bbef6-7959-4fa4-90fb-698df8127272",
    "data": [
      {
        "text": "talk to ATM Assistance",
        "userDefined": false
      }
    ],
    "isTemplate": false,
    "count": 0,
    "updated": 0
  }
]