[
  {
    "id": "9deaffc1-577c-4b00-a8a0-52489fbf6e6b",
    "data": [
      {
        "text": "get me ",
        "userDefined": false
      },
      {
        "text": "20000",
        "alias": "amountForWithdraw",
        "meta": "@sys.number",
        "userDefined": true
      },
      {
        "text": " rupees",
        "userDefined": false
      }
    ],
    "isTemplate": false,
    "count": 0,
    "updated": 0
  },
  {
    "id": "5056a9e7-e14b-4306-bca2-a6ea42da09f0",
    "data": [
      {
        "text": "12300",
        "alias": "amountForWithdraw",
        "meta": "@sys.number",
        "userDefined": true
      },
      {
        "text": " rupees",
        "userDefined": false
      }
    ],
    "isTemplate": false,
    "count": 0,
    "updated": 0
  },
  {
    "id": "d9c0d16f-bf22-40a2-8d9e-5310c7e6a903",
    "data": [
      {
        "text": "1000",
        "alias": "amountForWithdraw",
        "meta": "@sys.number",
        "userDefined": false
      },
      {
        "text": " rupees",
        "userDefined": false
      }
    ],
    "isTemplate": false,
    "count": 0,
    "updated": 0
  },
  {
    "id": "52e0b0c7-ea0d-4202-8827-a181c9b22e1e",
    "data": [
      {
        "text": "100",
        "alias": "amountForWithdraw",
        "meta": "@sys.number",
        "userDefined": true
      },
      {
        "text": " rupees",
        "userDefined": false
      }
    ],
    "isTemplate": false,
    "count": 0,
    "updated": 0
  },
  {
    "id": "da371875-02c8-46d8-aa57-b1ca89e2b351",
    "data": [
      {
        "text": "withdraw ",
        "userDefined": false
      },
      {
        "text": "100",
        "alias": "amountForWithdraw",
        "meta": "@sys.number",
        "userDefined": true
      },
      {
        "text": " rupees",
        "userDefined": false
      }
    ],
    "isTemplate": false,
    "count": 0,
    "updated": 0
  }
]