[
  {
    "id": "99430c0c-a8a6-4896-8ecf-c649dd35c702",
    "data": [
      {
        "text": "log me out",
        "userDefined": false
      }
    ],
    "isTemplate": false,
    "count": 0,
    "updated": 0
  },
  {
    "id": "1b97c0cb-9940-4d6b-9303-a164476d2773",
    "data": [
      {
        "text": "log out",
        "userDefined": false
      }
    ],
    "isTemplate": false,
    "count": 1,
    "updated": 0
  },
  {
    "id": "17c49b6e-9f88-49a3-a5fb-170efccdef8a",
    "data": [
      {
        "text": "I want to exit now",
        "userDefined": false
      }
    ],
    "isTemplate": false,
    "count": 0,
    "updated": 0
  },
  {
    "id": "d1c8e5f7-a2f6-48eb-8725-9835f017d160",
    "data": [
      {
        "text": "I want to leave",
        "userDefined": false
      }
    ],
    "isTemplate": false,
    "count": 0,
    "updated": 0
  },
  {
    "id": "a24cd434-68d2-49e0-8b84-e850e9730ba9",
    "data": [
      {
        "text": "I want to end",
        "userDefined": false
      }
    ],
    "isTemplate": false,
    "count": 0,
    "updated": 0
  },
  {
    "id": "de54c2dd-c6e1-407c-980d-8bcddd7ff0ee",
    "data": [
      {
        "text": "I want to exit",
        "userDefined": false
      }
    ],
    "isTemplate": false,
    "count": 0,
    "updated": 0
  },
  {
    "id": "7b5b787b-e8cf-4354-b2b7-38c9447d14e8",
    "data": [
      {
        "text": "I want to end process",
        "userDefined": false
      }
    ],
    "isTemplate": false,
    "count": 0,
    "updated": 0
  },
  {
    "id": "a7a1c147-237c-4391-a2a1-98be56751bd4",
    "data": [
      {
        "text": "exit process",
        "userDefined": false
      }
    ],
    "isTemplate": false,
    "count": 0,
    "updated": 0
  },
  {
    "id": "f1490df5-5122-414a-85fa-22285bd84b9c",
    "data": [
      {
        "text": "end process",
        "userDefined": false
      }
    ],
    "isTemplate": false,
    "count": 0,
    "updated": 0
  }
]