[
  {
    "id": "1bcaf3ed-780b-47d3-83b3-d7aa54aed965",
    "data": [
      {
        "text": "please help me",
        "userDefined": false
      }
    ],
    "isTemplate": false,
    "count": 0,
    "updated": 0
  },
  {
    "id": "954d56a3-e6c8-4d0f-ba47-5696d3e0b217",
    "data": [
      {
        "text": "please help",
        "userDefined": false
      }
    ],
    "isTemplate": false,
    "count": 0,
    "updated": 0
  },
  {
    "id": "fb989d28-2c2b-4c2b-940c-895e91528ad3",
    "data": [
      {
        "text": "kindly help me",
        "userDefined": false
      }
    ],
    "isTemplate": false,
    "count": 0,
    "updated": 0
  },
  {
    "id": "6efaefd8-3cd1-4df6-ae50-560616a10650",
    "data": [
      {
        "text": "help me",
        "userDefined": false
      }
    ],
    "isTemplate": false,
    "count": 0,
    "updated": 0
  },
  {
    "id": "c739275b-a940-4991-85de-54994e7c57d5",
    "data": [
      {
        "text": "help",
        "userDefined": false
      }
    ],
    "isTemplate": false,
    "count": 0,
    "updated": 0
  },
  {
    "id": "e551d2f8-491b-4905-b1a2-a15a6256f4cc",
    "data": [
      {
        "text": "current and savings account",
        "userDefined": false
      }
    ],
    "isTemplate": false,
    "count": 0,
    "updated": 0
  },
  {
    "id": "74af6e24-91fd-4ad2-8979-66e15f9faa8f",
    "data": [
      {
        "text": "savings and current account",
        "userDefined": false
      }
    ],
    "isTemplate": false,
    "count": 0,
    "updated": 0
  },
  {
    "id": "08e1603e-393c-4ca5-bb19-dc5f92295a7b",
    "data": [
      {
        "text": "user",
        "userDefined": false
      }
    ],
    "isTemplate": false,
    "count": 0,
    "updated": 0
  },
  {
    "id": "ffb7a97d-d197-4114-8070-a629193e5d90",
    "data": [
      {
        "text": "blind",
        "userDefined": false
      }
    ],
    "isTemplate": false,
    "count": 0,
    "updated": 0
  },
  {
    "id": "c97c9925-bac4-4613-b69d-eedefcba102f",
    "data": [
      {
        "text": "bank",
        "userDefined": false
      }
    ],
    "isTemplate": false,
    "count": 0,
    "updated": 0
  },
  {
    "id": "c0e3dd62-75ca-445d-873a-f015cbb052f4",
    "data": [
      {
        "text": "euros",
        "userDefined": false
      }
    ],
    "isTemplate": false,
    "count": 0,
    "updated": 0
  },
  {
    "id": "44c9a71a-81fd-47cd-9e9b-5d293d94bc94",
    "data": [
      {
        "text": "dollars",
        "userDefined": false
      }
    ],
    "isTemplate": false,
    "count": 0,
    "updated": 0
  },
  {
    "id": "305a76e5-53bc-45d0-9392-146792e90517",
    "data": [
      {
        "text": "rupees",
        "userDefined": false
      }
    ],
    "isTemplate": false,
    "count": 0,
    "updated": 0
  },
  {
    "id": "e068da63-90cf-4547-92ef-f4d0026cada7",
    "data": [
      {
        "text": "motherfucker",
        "userDefined": false
      }
    ],
    "isTemplate": false,
    "count": 0,
    "updated": 0
  },
  {
    "id": "878fa9f4-9a37-4cf7-9af8-475cbb1d3c50",
    "data": [
      {
        "text": "get me money",
        "userDefined": false
      }
    ],
    "isTemplate": false,
    "count": 0,
    "updated": 0
  },
  {
    "id": "7b9416e2-4ac0-4372-b985-bcd6ff55093b",
    "data": [
      {
        "text": "withdraw",
        "userDefined": false
      }
    ],
    "isTemplate": false,
    "count": 0,
    "updated": 0
  },
  {
    "id": "cfb45586-fd47-4fa8-b8ec-179f64d5d942",
    "data": [
      {
        "text": "asshole",
        "userDefined": false
      }
    ],
    "isTemplate": false,
    "count": 0,
    "updated": 0
  },
  {
    "id": "71b52881-23a4-4017-bf8e-3d3916285b39",
    "data": [
      {
        "text": "assistant",
        "userDefined": false
      }
    ],
    "isTemplate": false,
    "count": 0,
    "updated": 0
  },
  {
    "id": "d87cd814-82b0-4173-ae80-13275e723a9f",
    "data": [
      {
        "text": "ATM",
        "userDefined": false
      }
    ],
    "isTemplate": false,
    "count": 0,
    "updated": 0
  },
  {
    "id": "f9be57a8-6fc9-4ca4-aff5-b6ea5e143554",
    "data": [
      {
        "text": "bla bla bla",
        "userDefined": false
      }
    ],
    "isTemplate": false,
    "count": 0,
    "updated": 0
  },
  {
    "id": "954fc014-4ad8-4ce1-964b-8a6baca2907d",
    "data": [
      {
        "text": "fuck",
        "userDefined": false
      }
    ],
    "isTemplate": false,
    "count": 0,
    "updated": 0
  },
  {
    "id": "c96ff34d-acf4-45ac-9159-e81a577a6d3d",
    "data": [
      {
        "text": "bastard",
        "userDefined": false
      }
    ],
    "isTemplate": false,
    "count": 0,
    "updated": 0
  },
  {
    "id": "fcd829bf-811b-4b3d-8100-63573a55913c",
    "data": [
      {
        "text": "fuck off",
        "userDefined": false
      }
    ],
    "isTemplate": false,
    "count": 0,
    "updated": 0
  },
  {
    "id": "8c899bcd-c8c1-4317-8450-66faf9142f49",
    "data": [
      {
        "text": "money",
        "userDefined": false
      }
    ],
    "isTemplate": false,
    "count": 0,
    "updated": 0
  },
  {
    "id": "f565f1cf-4e80-4d6d-9357-b4b876efb31d",
    "data": [
      {
        "text": "get money",
        "userDefined": false
      }
    ],
    "isTemplate": false,
    "count": 0,
    "updated": 0
  },
  {
    "id": "181ae2ae-1029-4aeb-84b0-436f1539db67",
    "data": [
      {
        "text": "account",
        "userDefined": false
      }
    ],
    "isTemplate": false,
    "count": 0,
    "updated": 0
  }
]