[
  {
    "id": "2c8ae9f5-66dd-4551-89cb-8c202cf954e8",
    "data": [
      {
        "text": "my account details",
        "userDefined": false
      }
    ],
    "isTemplate": false,
    "count": 0,
    "updated": 0
  },
  {
    "id": "a098f3c4-72fd-4245-be57-f029ff6caf1f",
    "data": [
      {
        "text": "account details",
        "userDefined": false
      }
    ],
    "isTemplate": false,
    "count": 0,
    "updated": 0
  },
  {
    "id": "7e318730-645e-4fd2-afb1-37b36ffac3be",
    "data": [
      {
        "text": "get me account details",
        "userDefined": false
      }
    ],
    "isTemplate": false,
    "count": 0,
    "updated": 0
  },
  {
    "id": "f2226d88-8f07-48f2-908d-9a6e84e29fd3",
    "data": [
      {
        "text": "check account details",
        "userDefined": false
      }
    ],
    "isTemplate": false,
    "count": 0,
    "updated": 0
  },
  {
    "id": "a1670020-ad9f-418f-97f5-77004a2b5295",
    "data": [
      {
        "text": "I want to check account details",
        "userDefined": false
      }
    ],
    "isTemplate": false,
    "count": 0,
    "updated": 0
  },
  {
    "id": "a7966ec0-575c-499d-b3ae-744374678ca8",
    "data": [
      {
        "text": "get account details",
        "userDefined": false
      }
    ],
    "isTemplate": false,
    "count": 0,
    "updated": 0
  },
  {
    "id": "8173de76-3c17-402c-a096-e1ce21b4cfba",
    "data": [
      {
        "text": "show account details",
        "userDefined": false
      }
    ],
    "isTemplate": false,
    "count": 0,
    "updated": 0
  }
]