[
  {
    "id": "eab7ca54-0809-487e-adaf-7567c36b00ec",
    "data": [
      {
        "text": "refresh",
        "userDefined": false
      }
    ],
    "isTemplate": false,
    "count": 0,
    "updated": 0
  },
  {
    "id": "467b0722-32b2-4f84-b52a-7f415da2309a",
    "data": [
      {
        "text": "reset session",
        "userDefined": false
      }
    ],
    "isTemplate": false,
    "count": 0,
    "updated": 0
  },
  {
    "id": "898ebe2a-1570-4f21-a679-37af793a9303",
    "data": [
      {
        "text": "take me back",
        "userDefined": false
      }
    ],
    "isTemplate": false,
    "count": 0,
    "updated": 0
  },
  {
    "id": "c6af492f-a331-48fe-b963-c798bcfdfee4",
    "data": [
      {
        "text": "reset",
        "userDefined": false
      }
    ],
    "isTemplate": false,
    "count": 0,
    "updated": 0
  },
  {
    "id": "9fe65fc5-7d27-4807-bc97-61ac56f4a821",
    "data": [
      {
        "text": "ATM Assistance",
        "userDefined": false
      }
    ],
    "isTemplate": false,
    "count": 0,
    "updated": 0
  },
  {
    "id": "863859ba-8618-4c73-bbb3-746fc85d3533",
    "data": [
      {
        "text": "begin ATM Assistance",
        "userDefined": false
      }
    ],
    "isTemplate": false,
    "count": 0,
    "updated": 0
  },
  {
    "id": "39a6a5f0-7bd6-478a-9c08-cf04932ba193",
    "data": [
      {
        "text": "start ATM Assistance",
        "userDefined": false
      }
    ],
    "isTemplate": false,
    "count": 0,
    "updated": 0
  },
  {
    "id": "cf77581e-b661-4f89-bacf-4d12639b2088",
    "data": [
      {
        "text": "get ATM Assistance",
        "userDefined": false
      }
    ],
    "isTemplate": false,
    "count": 0,
    "updated": 0
  },
  {
    "id": "b11676e4-11bb-4718-aa4c-c0379b84c187",
    "data": [
      {
        "text": "talk to ATM Assistance",
        "userDefined": false
      }
    ],
    "isTemplate": false,
    "count": 0,
    "updated": 0
  }
]