[
  {
    "id": "b8e5cd23-4830-4c60-a2f0-271a2bbe3b5e",
    "data": [
      {
        "text": "withdraw ",
        "userDefined": false
      },
      {
        "text": "1000",
        "alias": "withdrawAmount",
        "meta": "@withdrawAmount",
        "userDefined": true
      }
    ],
    "isTemplate": false,
    "count": 0,
    "updated": 0
  },
  {
    "id": "0c548927-83e1-4347-97e5-58a266503521",
    "data": [
      {
        "text": "get me ",
        "userDefined": false
      },
      {
        "text": "20000",
        "alias": "withdrawAmount",
        "meta": "@withdrawAmount",
        "userDefined": true
      },
      {
        "text": " rupees",
        "userDefined": false
      }
    ],
    "isTemplate": false,
    "count": 0,
    "updated": 0
  },
  {
    "id": "098ab5f9-5896-446a-a600-c221bbe58580",
    "data": [
      {
        "text": "12300",
        "alias": "withdrawAmount",
        "meta": "@withdrawAmount",
        "userDefined": true
      },
      {
        "text": " rupees",
        "userDefined": false
      }
    ],
    "isTemplate": false,
    "count": 0,
    "updated": 0
  },
  {
    "id": "9cd4f9d5-ac15-4cdc-a505-9cec5142679b",
    "data": [
      {
        "text": "1000",
        "alias": "withdrawAmount",
        "meta": "@withdrawAmount",
        "userDefined": true
      },
      {
        "text": " rupees",
        "userDefined": false
      }
    ],
    "isTemplate": false,
    "count": 0,
    "updated": 0
  },
  {
    "id": "52eaf0dc-a23c-4c44-9ec7-3c718d401ce2",
    "data": [
      {
        "text": "100",
        "alias": "withdrawAmount",
        "meta": "@withdrawAmount",
        "userDefined": true
      },
      {
        "text": " rupees",
        "userDefined": false
      }
    ],
    "isTemplate": false,
    "count": 0,
    "updated": 0
  },
  {
    "id": "2e0d890c-21a9-47af-91c8-b0e316d51a3f",
    "data": [
      {
        "text": "withdraw ",
        "userDefined": false
      },
      {
        "text": "100",
        "alias": "withdrawAmount",
        "meta": "@withdrawAmount",
        "userDefined": true
      }
    ],
    "isTemplate": false,
    "count": 0,
    "updated": 0
  }
]